JobId,SessionId,Status,Reason,Created,Completed,Program,Name,Service,Instance,Tags,Usage (seconds)
cmdos25mtr96u82ppseg,,Completed,,2024-01-08T05:54:16.681738Z,2024-01-08T05:54:53.866082Z,circuit-runner,,ibmq_qasm_simulator,ibm-q/open/main,spsa_sim_001,0
cmdoroimpoeld4mmc9u0,,Completed,,2024-01-08T05:53:38.627668Z,2024-01-08T05:54:13.285235Z,circuit-runner,,ibmq_qasm_simulator,ibm-q/open/main,spsa_sim_001,0
cmdorf74mi97k7j8jcsg,,Completed,,2024-01-08T05:53:00.787117Z,2024-01-08T05:53:36.504189Z,circuit-runner,,ibmq_qasm_simulator,ibm-q/open/main,spsa_sim_001,0
cmdor3v4mi97k7j8jbg0,,Completed,,2024-01-08T05:52:15.704174Z,2024-01-08T05:52:57.677283Z,circuit-runner,,ibmq_qasm_simulator,ibm-q/open/main,spsa_sim_001,0
cmdoqnrrga5j1u9ihomg,,Completed,,2024-01-08T05:51:27.273102Z,2024-01-08T05:52:10.872481Z,circuit-runner,,ibmq_qasm_simulator,ibm-q/open/main,spsa_sim_001,0
cmdoqf4nktricigbgb30,,Completed,,2024-01-08T05:50:52.268703Z,2024-01-08T05:51:23.670289Z,circuit-runner,,ibmq_qasm_simulator,ibm-q/open/main,spsa_sim_001,0
cmdoq674mi97k7j8j7c0,,Completed,,2024-01-08T05:50:16.593391Z,2024-01-08T05:50:49.934226Z,circuit-runner,,ibmq_qasm_simulator,ibm-q/open/main,spsa_sim_001,0
cmdopu0hu2povi5k6s1g,,Completed,,2024-01-08T05:49:44.427148Z,2024-01-08T05:50:12.801923Z,circuit-runner,,ibmq_qasm_simulator,ibm-q/open/main,spsa_sim_001,0
cmdopm74mi97k7j8j4j0,,Completed,,2024-01-08T05:49:12.521777Z,2024-01-08T05:49:41.530276Z,circuit-runner,,ibmq_qasm_simulator,ibm-q/open/main,spsa_sim_001,0
cmdopcn4mi97k7j8j3c0,,Completed,,2024-01-08T05:48:34.146635Z,2024-01-08T05:49:10.586474Z,circuit-runner,,ibmq_qasm_simulator,ibm-q/open/main,spsa_sim_001,0
cmdop3ohu2povi5k6pd0,,Completed,,2024-01-08T05:47:59.222699Z,2024-01-08T05:48:32.389404Z,circuit-runner,,ibmq_qasm_simulator,ibm-q/open/main,spsa_sim_001,0
cmdoorqmpoeld4mmbu9g,,Completed,,2024-01-08T05:47:27.27077Z,2024-01-08T05:47:57.274613Z,circuit-runner,,ibmq_qasm_simulator,ibm-q/open/main,spsa_sim_001,0
cmdoohf4mi97k7j8j0c0,,Completed,,2024-01-08T05:46:45.499838Z,2024-01-08T05:47:24.206383Z,circuit-runner,,ibmq_qasm_simulator,ibm-q/open/main,spsa_sim_001,0
cmdoo9dmtr96u82ppf10,,Completed,,2024-01-08T05:46:13.755642Z,2024-01-08T05:46:43.070643Z,circuit-runner,,ibmq_qasm_simulator,ibm-q/open/main,spsa_sim_001,0
cmdonvimpoeld4mmbrc0,,Completed,,2024-01-08T05:45:34.867847Z,2024-01-08T05:46:10.411451Z,circuit-runner,,ibmq_qasm_simulator,ibm-q/open/main,spsa_sim_001,0
cmdonnknktricigbg0a0,,Completed,,2024-01-08T05:45:02.934268Z,2024-01-08T05:45:32.558759Z,circuit-runner,,ibmq_qasm_simulator,ibm-q/open/main,spsa_sim_001,0
cmdondv4mi97k7j8isg0,,Completed,,2024-01-08T05:44:23.464115Z,2024-01-08T05:45:00.767135Z,circuit-runner,,ibmq_qasm_simulator,ibm-q/open/main,spsa_sim_001,0
cmdon54nktricigbfu4g,,Completed,,2024-01-08T05:43:48.301909Z,2024-01-08T05:44:19.911057Z,circuit-runner,,ibmq_qasm_simulator,ibm-q/open/main,spsa_sim_001,0
cmdomtrrga5j1u9ihap0,,Completed,,2024-01-08T05:43:19.640568Z,2024-01-08T05:43:45.33707Z,circuit-runner,,ibmq_qasm_simulator,ibm-q/open/main,spsa_sim_001,0
cmdoml3rga5j1u9ih9qg,,Completed,,2024-01-08T05:42:44.222847Z,2024-01-08T05:43:15.749393Z,circuit-runner,,ibmq_qasm_simulator,ibm-q/open/main,spsa_sim_001,0
cmdomd0hu2povi5k6fvg,,Completed,,2024-01-08T05:42:12.349688Z,2024-01-08T05:42:39.3434Z,circuit-runner,,ibmq_qasm_simulator,ibm-q/open/main,spsa_sim_001,0
cmdom44nktricigbfqe0,,Completed,,2024-01-08T05:41:36.266212Z,2024-01-08T05:42:09.128671Z,circuit-runner,,ibmq_qasm_simulator,ibm-q/open/main,spsa_sim_001,0
cmdols2mpoeld4mmbk3g,,Completed,,2024-01-08T05:41:04.639579Z,2024-01-08T05:41:34.213034Z,circuit-runner,,ibmq_qasm_simulator,ibm-q/open/main,spsa_sim_001,0
cmdolj74mi97k7j8ilr0,,Completed,,2024-01-08T05:40:28.094682Z,2024-01-08T05:41:01.10861Z,circuit-runner,,ibmq_qasm_simulator,ibm-q/open/main,spsa_sim_001,0
cmdolbv4mi97k7j8ij7g,,Completed,,2024-01-08T05:39:59.151661Z,2024-01-08T05:40:23.199803Z,circuit-runner,,ibmq_qasm_simulator,ibm-q/open/main,spsa_sim_001,0
cmdol3jrga5j1u9ih2v0,,Completed,,2024-01-08T05:39:26.148888Z,2024-01-08T05:39:54.551193Z,circuit-runner,,ibmq_qasm_simulator,ibm-q/open/main,spsa_sim_001,0
cmdokqlmtr96u82pp29g,,Completed,,2024-01-08T05:38:50.877373Z,2024-01-08T05:39:22.001317Z,circuit-runner,,ibmq_qasm_simulator,ibm-q/open/main,spsa_sim_001,0
cmdokhv4mi97k7j8ige0,,Completed,,2024-01-08T05:38:15.33728Z,2024-01-08T05:38:47.566881Z,circuit-runner,,ibmq_qasm_simulator,ibm-q/open/main,spsa_sim_001,0
cmdok84nktricigbfing,,Completed,,2024-01-08T05:37:36.600031Z,2024-01-08T05:38:10.854907Z,circuit-runner,,ibmq_qasm_simulator,ibm-q/open/main,spsa_sim_001,0
cmdojvohu2povi5k6670,,Completed,,2024-01-08T05:37:03.730438Z,2024-01-08T05:37:33.636221Z,circuit-runner,,ibmq_qasm_simulator,ibm-q/open/main,spsa_sim_001,0
cmdojn74mi97k7j8iddg,,Completed,,2024-01-08T05:36:28.514026Z,2024-01-08T05:37:00.476909Z,circuit-runner,,ibmq_qasm_simulator,ibm-q/open/main,spsa_sim_001,0
cmdojcknktricigbfg2g,,Completed,,2024-01-08T05:35:46.999149Z,2024-01-08T05:36:25.291702Z,circuit-runner,,ibmq_qasm_simulator,ibm-q/open/main,spsa_sim_001,0
cmdoj4ghu2povi5k63eg,,Completed,,2024-01-08T05:35:14.231206Z,2024-01-08T05:35:43.760267Z,circuit-runner,,ibmq_qasm_simulator,ibm-q/open/main,spsa_sim_001,0
cmdoir0hu2povi5k62f0,,Completed,,2024-01-08T05:34:36.138725Z,2024-01-08T05:35:11.105423Z,circuit-runner,,ibmq_qasm_simulator,ibm-q/open/main,spsa_sim_001,0
cmdoijqmpoeld4mmb7og,,Completed,,2024-01-08T05:34:07.088853Z,2024-01-08T05:34:31.846619Z,circuit-runner,,ibmq_qasm_simulator,ibm-q/open/main,spsa_sim_001,0
cmdoibimpoeld4mmb6qg,,Completed,,2024-01-08T05:33:34.99238Z,2024-01-08T05:34:04.642594Z,circuit-runner,,ibmq_qasm_simulator,ibm-q/open/main,spsa_sim_001,0
cmdoi3jrga5j1u9igobg,,Completed,,2024-01-08T05:33:02.365466Z,2024-01-08T05:33:30.682136Z,circuit-runner,,ibmq_qasm_simulator,ibm-q/open/main,spsa_sim_001,0
cmdohqlmtr96u82pongg,,Completed,,2024-01-08T05:32:26.718066Z,2024-01-08T05:32:58.183083Z,circuit-runner,,ibmq_qasm_simulator,ibm-q/open/main,spsa_sim_001,0
cmdohhohu2povi5k5tqg,,Completed,,2024-01-08T05:31:51.53544Z,2024-01-08T05:32:24.298981Z,circuit-runner,,ibmq_qasm_simulator,ibm-q/open/main,spsa_sim_001,0
cmdoh9tmtr96u82polfg,,Completed,,2024-01-08T05:31:19.599727Z,2024-01-08T05:31:48.169301Z,circuit-runner,,ibmq_qasm_simulator,ibm-q/open/main,spsa_sim_001,0
cmdoh10hu2povi5k5rsg,,Completed,,2024-01-08T05:30:44.407614Z,2024-01-08T05:31:17.196518Z,circuit-runner,,ibmq_qasm_simulator,ibm-q/open/main,spsa_sim_001,0
cmdogn74mi97k7j8i220,,Completed,,2024-01-08T05:30:04.732171Z,2024-01-08T05:30:39.23089Z,circuit-runner,,ibmq_qasm_simulator,ibm-q/open/main,spsa_sim_001,0
cmdogdcnktricigbf3og,,Completed,,2024-01-08T05:29:25.619737Z,2024-01-08T05:29:59.677714Z,circuit-runner,,ibmq_qasm_simulator,ibm-q/open/main,spsa_sim_001,0
cmdog574mi97k7j8i04g,,Completed,,2024-01-08T05:28:52.79292Z,2024-01-08T05:29:21.488815Z,circuit-runner,,ibmq_qasm_simulator,ibm-q/open/main,spsa_sim_001,0
cmdoftv4mi97k7j8hv2g,,Completed,,2024-01-08T05:28:23.107788Z,2024-01-08T05:28:50.750251Z,circuit-runner,,ibmq_qasm_simulator,ibm-q/open/main,spsa_sim_001,0
cmdoflimpoeld4mmasc0,,Completed,,2024-01-08T05:27:50.596872Z,2024-01-08T05:28:19.742302Z,circuit-runner,,ibmq_qasm_simulator,ibm-q/open/main,spsa_sim_001,0
cmdofbknktricigbf09g,,Completed,,2024-01-08T05:27:10.925698Z,2024-01-08T05:27:47.586252Z,circuit-runner,,ibmq_qasm_simulator,ibm-q/open/main,spsa_sim_001,0
cmdof4brga5j1u9igceg,,Completed,,2024-01-08T05:26:41.43421Z,2024-01-08T05:27:05.386631Z,circuit-runner,,ibmq_qasm_simulator,ibm-q/open/main,spsa_sim_001,0
cmdoetn4mi97k7j8hrpg,,Completed,,2024-01-08T05:26:14.480663Z,2024-01-08T05:26:34.736705Z,circuit-runner,,ibmq_qasm_simulator,ibm-q/open/main,spsa_sim_001,0
cmdoeiv4mi97k7j8hqn0,,Completed,,2024-01-08T05:25:31.965983Z,2024-01-08T05:26:12.735248Z,circuit-runner,,ibmq_qasm_simulator,ibm-q/open/main,spsa_sim_001,0
cmdoebghu2povi5k5ghg,,Completed,,2024-01-08T05:25:02.569066Z,2024-01-08T05:25:29.404219Z,circuit-runner,,ibmq_qasm_simulator,ibm-q/open/main,spsa_sim_001,0
cmdoe2qmpoeld4mman6g,,Completed,,2024-01-08T05:24:27.295518Z,2024-01-08T05:24:58.346241Z,circuit-runner,,ibmq_qasm_simulator,ibm-q/open/main,spsa_sim_001,0
cmdodrjrga5j1u9ig8b0,,Completed,,2024-01-08T05:23:58.802993Z,2024-01-08T05:24:25.001083Z,circuit-runner,,ibmq_qasm_simulator,ibm-q/open/main,spsa_sim_001,0
cmdodh0hu2povi5k5dm0,,Completed,,2024-01-08T05:23:16.404011Z,2024-01-08T05:23:55.027707Z,circuit-runner,,ibmq_qasm_simulator,ibm-q/open/main,spsa_sim_001,0
cmdod95mtr96u82po600,,Completed,,2024-01-08T05:22:44.186606Z,2024-01-08T05:23:13.527767Z,circuit-runner,,ibmq_qasm_simulator,ibm-q/open/main,spsa_sim_001,0
cmdod02mpoeld4mmajr0,,Completed,,2024-01-08T05:22:08.598084Z,2024-01-08T05:22:39.798398Z,circuit-runner,,ibmq_qasm_simulator,ibm-q/open/main,spsa_sim_001,0
cmdocncnktricigben8g,,Completed,,2024-01-08T05:21:33.607515Z,2024-01-08T05:22:06.649442Z,circuit-runner,,ibmq_qasm_simulator,ibm-q/open/main,spsa_sim_001,0
cmdocelmtr96u82po2u0,,Completed,,2024-01-08T05:20:58.60779Z,2024-01-08T05:21:30.53874Z,circuit-runner,,ibmq_qasm_simulator,ibm-q/open/main,spsa_sim_001,0
cmdoc6lmtr96u82po23g,,Completed,,2024-01-08T05:20:26.090827Z,2024-01-08T05:20:53.125497Z,circuit-runner,,ibmq_qasm_simulator,ibm-q/open/main,spsa_sim_001,0
cmdobv8hu2povi5k56d0,,Completed,,2024-01-08T05:19:57.775229Z,2024-01-08T05:20:22.794234Z,circuit-runner,,ibmq_qasm_simulator,ibm-q/open/main,spsa_sim_001,0
cmdobp3rga5j1u9ifvjg,,Completed,,2024-01-08T05:19:32.452665Z,2024-01-08T05:19:55.477577Z,circuit-runner,,ibmq_qasm_simulator,ibm-q/open/main,spsa_sim_001,0
cmdobiimpoeld4mmadhg,,Completed,,2024-01-08T05:19:06.885244Z,2024-01-08T05:19:29.987445Z,circuit-runner,,ibmq_qasm_simulator,ibm-q/open/main,spsa_sim_001,0
cmdobaqmpoeld4mmachg,,Completed,,2024-01-08T05:18:35.166847Z,2024-01-08T05:19:02.568831Z,circuit-runner,,ibmq_qasm_simulator,ibm-q/open/main,spsa_sim_001,0
cmdob2ghu2povi5k53dg,,Completed,,2024-01-08T05:18:02.985055Z,2024-01-08T05:18:31.647572Z,circuit-runner,,ibmq_qasm_simulator,ibm-q/open/main,spsa_sim_001,0
cmdoaqn4mi97k7j8hck0,,Completed,,2024-01-08T05:17:30.841599Z,2024-01-08T05:17:58.304591Z,circuit-runner,,ibmq_qasm_simulator,ibm-q/open/main,spsa_sim_001,0
cmdoaiqmpoeld4mma9pg,,Completed,,2024-01-08T05:16:59.387001Z,2024-01-08T05:17:27.030343Z,circuit-runner,,ibmq_qasm_simulator,ibm-q/open/main,spsa_sim_001,0
cmdoadf4mi97k7j8havg,,Completed,,2024-01-08T05:16:37.52174Z,2024-01-08T05:16:57.335114Z,circuit-runner,,ibmq_qasm_simulator,ibm-q/open/main,spsa_sim_001,0
cmdoa58hu2povi5k505g,,Completed,,2024-01-08T05:16:05.342566Z,2024-01-08T05:16:32.41881Z,circuit-runner,,ibmq_qasm_simulator,ibm-q/open/main,spsa_sim_001,0
cmdo9tbrga5j1u9ifpg0,,Completed,,2024-01-08T05:15:33.108999Z,2024-01-08T05:16:00.905929Z,circuit-runner,,ibmq_qasm_simulator,ibm-q/open/main,spsa_sim_001,0
cmdo9mohu2povi5k4ujg,,Completed,,2024-01-08T05:15:07.713113Z,2024-01-08T05:15:30.201498Z,circuit-runner,,ibmq_qasm_simulator,ibm-q/open/main,spsa_sim_001,0
cmdo9gghu2povi5k4tu0,,Completed,,2024-01-08T05:14:42.501644Z,2024-01-08T05:15:05.234827Z,circuit-runner,,ibmq_qasm_simulator,ibm-q/open/main,spsa_sim_001,0
cmdo9a4nktricigbe9pg,,Completed,,2024-01-08T05:14:16.601963Z,2024-01-08T05:14:38.337693Z,circuit-runner,,ibmq_qasm_simulator,ibm-q/open/main,spsa_sim_001,0